{"cameraMode":{"drawMode":0,"name":"Shaded","section":"Shading Mode"},"sceneLighting":true,"audioPlay":false,"sceneViewState":{"m_AlwaysRefresh":false,"showFog":true,"showSkybox":true,"showFlares":true,"showImageEffects":true,"showParticleSystems":true,"showVisualEffectGraphs":true,"m_FxEnabled":true},"in2DMode":false,"pivot":{"x":26.040531158447267,"y":0.700835108757019,"z":7.600484848022461},"rotation":{"x":-0.1718914806842804,"y":-0.02748286910355091,"z":0.006257589906454086,"w":-0.9850245118141174},"size":2.3614449501037599,"orthographic":false}